"2","Antonette","Not Completed","suscipit repellat esse quibusdam voluptatem incidunt"
"2","Antonette","Completed","distinctio vitae autem nihil ut molestias quo"
"2","Antonette","Not Completed","et itaque necessitatibus maxime molestiae qui quas velit"
"2","Antonette","Not Completed","adipisci non ad dicta qui amet quaerat doloribus ea"
"2","Antonette","Completed","voluptas quo tenetur perspiciatis explicabo natus"
"2","Antonette","Completed","aliquam aut quasi"
"2","Antonette","Completed","veritatis pariatur delectus"
"2","Antonette","Not Completed","nesciunt totam sit blanditiis sit"
"2","Antonette","Not Completed","laborum aut in quam"
"2","Antonette","Completed","nemo perspiciatis repellat ut dolor libero commodi blanditiis omnis"
"2","Antonette","Not Completed","repudiandae totam in est sint facere fuga"
"2","Antonette","Not Completed","earum doloribus ea doloremque quis"
"2","Antonette","Not Completed","sint sit aut vero"
"2","Antonette","Not Completed","porro aut necessitatibus eaque distinctio"
"2","Antonette","Completed","repellendus veritatis molestias dicta incidunt"
"2","Antonette","Completed","excepturi deleniti adipisci voluptatem et neque optio illum ad"
"2","Antonette","Not Completed","sunt cum tempora"
"2","Antonette","Not Completed","totam quia non"
"2","Antonette","Not Completed","doloremque quibusdam asperiores libero corrupti illum qui omnis"
"2","Antonette","Completed","totam atque quo nesciunt"
